SamAccountName,company,givenName,surname,DisplayName,Office,OfficePhone,EmailAddress,streetAddress,city,state,postalcode,title,department,description,manager,mailnickname,IPphone
teste.teste,Companhia Thermas do Rio Quente,teste,teste,teste teste,GRUPO RIO QUENTE,+55 (64) 3512 - 8000,teste@rioquenteresorts.com.br,Rua Particular - Complexo Turístico Rio Quente Resorts - S/N,Rio Quente,GO,75695-000,Estagiario Teste,TI,Estagiario,Gustavo Crepaldi Loge,Teste,9999991
teste2.teste,Companhia Thermas do Rio Quente,teste2,teste,teste teste2,GRUPO RIO QUENTE,+55 (64) 3512 - 8000,teste2@rioquenteresorts.com.br,Rua Particular - Complexo Turístico Rio Quente Resorts - S/N,Rio Quente,GO,75695-000,Estagiario Teste,TI,Estagiario,Gustavo Crepaldi Loge,Teste,9999992
teste3.teste,Companhia Thermas do Rio Quente,teste3,teste,teste teste3,GRUPO RIO QUENTE,+55 (64) 3512 - 8123,teste3@rioquenteresorts.com.br,Rua Particular - Complexo Turístico Rio Quente Resorts - S/N,Rio Quente,GO,75695-000,Estagiario Teste,TI,Estagiario,Gustavo Crepaldi Loge,Teste,9999993
teste4.teste,Companhia Thermas do Rio Quente,teste4,teste,teste teste4,GRUPO RIO QUENTE,+55 (64) 3512 - 8000,teste4@rioquenteresorts.com.br,Rua Particular - Complexo Turístico Rio Quente Resorts - S/N,Rio Quente,GO,75695-000,Estagiario Teste,TI,Estagiario,Gustavo Crepaldi Loge,Teste,9999994
teste5.teste,Companhia Thermas do Rio Quente,teste5,teste,teste teste5,GRUPO RIO QUENTE,+55 (64) 3512 - 8000,teste5@rioquenteresorts.com.br,Rua Particular - Complexo Turístico Rio Quente Resorts - S/N,Rio Quente,GO,75695-000,Estagiario Teste,TI,Estagiario,Gustavo Crepaldi Loge,Teste,9999995
teste6.teste,Companhia Thermas do Rio Quente,teste6,teste,teste teste6,GRUPO RIO QUENTE,+55 (64) 3512 - 8000,teste6@rioquenteresorts.com.br,Rua Particular - Complexo Turístico Rio Quente Resorts - S/N,Rio Quente,GO,75695-000,Estagiario Teste,TI,Estagiario,Gustavo Crepaldi Loge,Teste,9999996
teste7.teste,Companhia Thermas do Rio Quente,teste7,teste,teste teste7,GRUPO RIO QUENTE,+55 (64) 3512 - 8000,teste7@rioquenteresorts.com.br,Rua Particular - Complexo Turístico Rio Quente Resorts - S/N,Rio Quente,GO,75695-000,Estagiario Teste,TI,Estagiario,Gustavo Crepaldi Loge,Teste,9999997
teste8.teste,Companhia Thermas do Rio Quente,teste8,teste,teste teste8,GRUPO RIO QUENTE,+55 (64) 3512 - 8000,teste8@rioquenteresorts.com.br,Rua Particular - Complexo Turístico Rio Quente Resorts - S/N,Rio Quente,GO,75695-000,Estagiario Teste,TI,Estagiario,Gustavo Crepaldi Loge,Teste,9999998
teste9.teste,Companhia Thermas do Rio Quente,teste9,teste,teste teste9,GRUPO RIO QUENTE,+55 (64) 3512 - 8000,teste9@rioquenteresorts.com.br,Rua Particular - Complexo Turístico Rio Quente Resorts - S/N,Rio Quente,GO,75695-000,Estagiario Teste,TI,Estagiario,Gustavo Crepaldi Loge,Teste,9999999
